feature,baseline_rank,baseline_importance,conservative_rank,conservative_importance,moderate_rank,moderate_importance,aggressive_rank,aggressive_importance,conservative_rank_change,conservative_importance_change,moderate_rank_change,moderate_importance_change,aggressive_rank_change,aggressive_importance_change
root_shell,28,0.030022863298654556,26,0.04878734052181244,25,0.04498565196990967,25,0.040160875767469406,2,0.018764477223157883,3,0.014962788671255112,3,0.01013801246881485
su_attempted,37,0.00018976361025124788,37,0.00023340238840319216,37,0.0002744836383499205,37,0.00027785616111941636,0,4.363877815194428e-05,0,8.472002809867263e-05,0,8.809255086816847e-05
num_failed_logins,30,0.017782771959900856,29,0.03164578229188919,30,0.02304106205701828,32,0.02413150668144226,1,0.013863010331988335,0,0.005258290097117424,-2,0.006348734721541405
num_shells,35,0.0013621519319713116,34,0.0050069051794707775,35,0.005973569583147764,34,0.0075545175932347775,1,0.003644753247499466,0,0.004611417651176453,1,0.006192365661263466
num_access_files,34,0.006972061935812235,31,0.017310965806245804,32,0.021498296409845352,31,0.024593451991677284,3,0.010338903870433569,2,0.014526234474033117,3,0.01762139005586505
logged_in,16,0.15307345986366272,9,0.22962313890457153,7,0.3343338072299957,7,0.3424629271030426,7,0.07654967904090881,9,0.181260347366333,9,0.18938946723937988
num_compromised,29,0.027076801285147667,27,0.04334460198879242,27,0.03383907675743103,30,0.029710879549384117,2,0.016267800703644753,2,0.006762275472283363,-1,0.00263407826423645
num_root,32,0.015608479268848896,35,0.004459555260837078,34,0.007452864199876785,35,0.005798686295747757,-3,-0.011148924008011818,-2,-0.00815561506897211,-3,-0.009809792973101139
num_file_creations,21,0.07788252830505371,17,0.14223651587963104,17,0.14063292741775513,17,0.1457604318857193,4,0.06435398757457733,4,0.06275039911270142,4,0.06787790358066559
