class,comparison,spearman_rho,p_value
Global,baseline_vs_conservative,0.9750519750519749,3.964784942478002e-25
Global,baseline_vs_moderate,0.9700186015975489,1.0401078839486556e-23
Global,baseline_vs_aggressive,0.9684867053288105,2.518837487767266e-23
R2L,baseline_vs_conservative,0.9367545683335156,5.412939364112813e-18
R2L,baseline_vs_moderate,0.9242805558595033,1.2462492511375608e-16
R2L,baseline_vs_aggressive,0.9080862238756976,3.563375607597977e-15
U2R,baseline_vs_conservative,0.9409125724915198,1.647305692400745e-18
U2R,baseline_vs_moderate,0.9231863442389758,1.5988221225646115e-16
U2R,baseline_vs_aggressive,0.9174964438122333,5.517924129248801e-16
